{
  "as_of": "2026-03-12",
  "weights": {
    "FEDERALBNK.NS": 0.07874834507093716,
    "SIEMENS.NS": 0.028260033134925783,
    "ABB.NS": 0.018868709440804824,
    "NAVINFLUOR.NS": 0.0643703580252919,
    "DEEPAKNTR.NS": 0.029143301355419333,
    "ALKYLAMINE.NS": 0.07941004334429282,
    "WHIRLPOOL.NS": 0.07874834477215756,
    "ASIANPAINT.NS": 0.07160681708441974,
    "BAJAJFINSV.NS": 0.04040958920144398,
    "HDFCLIFE.NS": 0.012285929252181601,
    "FORTIS.NS": 0.07103279260332122,
    "METROPOLIS.NS": 0.04215344466768852,
    "MAXHEALTH.NS": 0.017446273637066533,
    "CIPLA.NS": 0.07853011793344815,
    "ALKEM.NS": 0.03393600943422017,
    "BRIGADE.NS": 0.0754985242407933,
    "PRESTIGE.NS": 0.025519104062879,
    "GODREJPROP.NS": 0.07124437588492771,
    "INDUSTOWER.NS": 0.012052630216989185,
    "BHARTIARTL.NS": 0.04920291650028232,
    "CASH": 0.02153234013650926
  },
  "sector_tilts": {
    "IT": 0.30000001192092896,
    "Banking": 2.0,
    "FinancialServices": 2.0,
    "FMCG": 0.30000001192092896,
    "Automobiles": 1.286366581916809,
    "Pharma": 2.0,
    "Energy": 0.30000001192092896,
    "Metals": 0.30000001192092896,
    "Telecom": 2.0,
    "Cement": 0.30000001192092896,
    "CapitalGoods": 0.9286172389984131,
    "ConsumerDiscretionary": 2.0,
    "Healthcare": 2.0,
    "RealEstate": 2.0,
    "Chemicals": 2.0
  },
  "cash": 0.0,
  "note": "Latest walk-forward portfolio recommendation"
}