{
  "as_of": "2026-03-12",
  "weights": {
    "KOTAKBANK.NS": 0.07993909405434882,
    "INDUSINDBK.NS": 0.016298227214631943,
    "FEDERALBNK.NS": 0.07822708099773418,
    "SIEMENS.NS": 0.07993909417658142,
    "ABB.NS": 0.0799390941566189,
    "ADANIPORTS.NS": 0.006977919818600463,
    "POWERGRID.NS": 0.008010515216850436,
    "BAJAJFINSV.NS": 0.07993909409850633,
    "HDFCLIFE.NS": 0.07993909404932582,
    "BAJFINANCE.NS": 0.014988562744669863,
    "FORTIS.NS": 0.08110294598408682,
    "METROPOLIS.NS": 0.04095201949981111,
    "MAXHEALTH.NS": 0.05397565476496265,
    "CASH": 0.2997716032232713
  },
  "sector_tilts": {
    "IT": 0.30000001192092896,
    "Banking": 2.0,
    "FinancialServices": 0.9402564167976379,
    "FMCG": 0.30000001192092896,
    "Automobiles": 0.30000001192092896,
    "Pharma": 0.30000001192092896,
    "Energy": 0.30000001192092896,
    "Metals": 0.30000001192092896,
    "Telecom": 0.30000001192092896,
    "Cement": 0.30000001192092896,
    "CapitalGoods": 2.0,
    "ConsumerDiscretionary": 0.30000001192092896,
    "Healthcare": 2.0,
    "RealEstate": 0.30000001192092896,
    "Chemicals": 0.30000001192092896
  },
  "cash": 0.30000001192092896,
  "note": "Latest walk-forward portfolio recommendation"
}