{
  "as_of": "2026-03-12",
  "weights": {
    "KPITTECH.NS": 0.08050305290562673,
    "LTIM.NS": 0.07758497204642009,
    "COFORGE.NS": 0.014344927439023932,
    "GODREJPROP.NS": 0.03297334085513633,
    "DLF.NS": 0.06726678282341302,
    "OBEROIRLTY.NS": 0.032968477249041346,
    "INDUSTOWER.NS": 0.010696946462258557,
    "TVSMOTOR.NS": 0.07274646715062892,
    "BAJAJ-AUTO.NS": 0.08039271056274987,
    "EICHERMOT.NS": 0.02296125050006146,
    "IOC.NS": 0.0805030529139049,
    "BPCL.NS": 0.07747784517223187,
    "BAJAJFINSV.NS": 0.08050305291103756,
    "HDFCLIFE.NS": 0.06514436782856234,
    "HDFCAMC.NS": 0.030453007483077943,
    "COLPAL.NS": 0.08050305291384544,
    "GODREJCP.NS": 0.0600016344243953,
    "TATACONSUM.NS": 0.03297505827181021,
    "CASH": 8.677418681055565e-11
  },
  "sector_tilts": {
    "IT": 1.3412299156188965,
    "Banking": 0.30000001192092896,
    "FinancialServices": 2.0,
    "FMCG": 2.0,
    "Automobiles": 2.0,
    "Pharma": 0.30000001192092896,
    "Energy": 1.3744574785232544,
    "Metals": 0.30000001192092896,
    "Telecom": 2.0,
    "Cement": 0.30000001192092896,
    "CapitalGoods": 0.30000001192092896,
    "ConsumerDiscretionary": 0.30000001192092896,
    "Healthcare": 0.30000001192092896,
    "RealEstate": 2.0,
    "Chemicals": 0.30000001192092896
  },
  "cash": 0.0,
  "note": "Latest walk-forward portfolio recommendation"
}