{
  "as_of": "2026-03-12",
  "weights": {
    "SHREECEM.NS": 0.07824016236092295,
    "ACC.NS": 0.07740968258313942,
    "AMBUJACEM.NS": 0.07974928338937029,
    "ULTRACEMCO.NS": 0.07758891848133562,
    "GRASIM.NS": 0.07740968261184142,
    "NAVINFLUOR.NS": 0.07740968261190151,
    "DEEPAKNTR.NS": 0.0816192681741937,
    "ALKYLAMINE.NS": 0.0353275653080864,
    "BPCL.NS": 0.07824016126076021,
    "GAIL.NS": 0.08094413568572431,
    "IOC.NS": 0.07740968258525716,
    "RELIANCE.NS": 0.07740968260006219,
    "ONGC.NS": 0.06983913725843172,
    "CASH": 0.031402955088973214
  },
  "sector_tilts": {
    "IT": 0.30000001192092896,
    "Banking": 0.30000001192092896,
    "FinancialServices": 0.30000001192092896,
    "FMCG": 0.30000001192092896,
    "Automobiles": 0.30000001192092896,
    "Pharma": 0.30000001192092896,
    "Energy": 2.0,
    "Metals": 0.30000001192092896,
    "Telecom": 0.30000001192092896,
    "Cement": 2.0,
    "CapitalGoods": 0.30000001192092896,
    "ConsumerDiscretionary": 0.30000001192092896,
    "Healthcare": 0.30000001192092896,
    "RealEstate": 0.30000001192092896,
    "Chemicals": 2.0
  },
  "cash": 0.0,
  "note": "Latest walk-forward portfolio recommendation"
}