{
  "as_of": "2026-03-12",
  "weights": {
    "BAJAJ-AUTO.NS": 0.07987686609741142,
    "M&M.NS": 0.06518540636614643,
    "TVSMOTOR.NS": 0.0571434835135371,
    "HDFCBANK.NS": 0.07708442927023801,
    "SBIN.NS": 0.04391451212829094,
    "ICICIBANK.NS": 0.015561944755405392,
    "SHREECEM.NS": 0.07987702998908552,
    "AMBUJACEM.NS": 0.0768259977484117,
    "GRASIM.NS": 0.01919374024187811,
    "NAVINFLUOR.NS": 0.05370841394267324,
    "DABUR.NS": 0.012003406866673557,
    "COLPAL.NS": 0.046252127019829024,
    "METROPOLIS.NS": 0.07460498614342483,
    "FORTIS.NS": 0.005717556824954005,
    "NMDC.NS": 0.0779323500852626,
    "SUNPHARMA.NS": 0.04800850933760586,
    "BIOCON.NS": 0.07460498562724027,
    "BHARTIARTL.NS": 0.046252127019829024,
    "INDUSTOWER.NS": 0.04625212701982902,
    "CASH": 2.2739168468498683e-12
  },
  "sector_tilts": {
    "IT": 0.30000001192092896,
    "Banking": 2.0,
    "FinancialServices": 0.30000001192092896,
    "FMCG": 2.0,
    "Automobiles": 2.0,
    "Pharma": 2.0,
    "Energy": 0.30000001192092896,
    "Metals": 2.0,
    "Telecom": 1.5425386428833008,
    "Cement": 2.0,
    "CapitalGoods": 0.30000001192092896,
    "ConsumerDiscretionary": 0.30000001192092896,
    "Healthcare": 2.0,
    "RealEstate": 0.30000001192092896,
    "Chemicals": 2.0
  },
  "cash": 0.0,
  "note": "Latest walk-forward portfolio recommendation"
}