{
  "as_of": "2026-03-12",
  "weights": {
    "SHREECEM.NS": 0.08000000033911146,
    "ACC.NS": 0.08000000033978061,
    "AMBUJACEM.NS": 0.005703274835741267,
    "NAVINFLUOR.NS": 0.08000000033639941,
    "BAJAJFINSV.NS": 0.07906884001339454,
    "HDFCLIFE.NS": 0.057278479135736395,
    "FORTIS.NS": 0.0800000003399922,
    "METROPOLIS.NS": 0.08000000033366277,
    "TATASTEEL.NS": 0.03299574804237192,
    "JSWSTEEL.NS": 0.006945837443657684,
    "NMDC.NS": 0.06251773977291178,
    "INDUSTOWER.NS": 0.07550265185507311,
    "BHARTIARTL.NS": 0.029987414218600076,
    "CASH": 0.2500000129935669
  },
  "sector_tilts": {
    "IT": 0.30000001192092896,
    "Banking": 0.30000001192092896,
    "FinancialServices": 0.41784459352493286,
    "FMCG": 0.30000001192092896,
    "Automobiles": 0.30000001192092896,
    "Pharma": 0.30000001192092896,
    "Energy": 0.30000001192092896,
    "Metals": 2.0,
    "Telecom": 2.0,
    "Cement": 2.0,
    "CapitalGoods": 0.30000001192092896,
    "ConsumerDiscretionary": 0.30000001192092896,
    "Healthcare": 2.0,
    "RealEstate": 0.30000001192092896,
    "Chemicals": 1.3625881671905518
  },
  "cash": 0.30000001192092896,
  "note": "Latest walk-forward portfolio recommendation"
}