{
  "as_of": "2026-03-12",
  "weights": {
    "TVSMOTOR.NS": 0.08101990667235848,
    "HEROMOTOCO.NS": 0.04211892292213204,
    "INDUSINDBK.NS": 0.016988495079934877,
    "FEDERALBNK.NS": 0.07882328308624767,
    "WHIRLPOOL.NS": 0.04409257442589407,
    "ASIANPAINT.NS": 0.011798928409129298,
    "DABUR.NS": 0.046619109157843584,
    "GODREJCP.NS": 0.041947823253509195,
    "FORTIS.NS": 0.06559751414635073,
    "METROPOLIS.NS": 0.05340961713217193,
    "MAXHEALTH.NS": 0.08101990694657815,
    "CIPLA.NS": 0.07882328306720165,
    "ALKEM.NS": 0.05138920420851779,
    "BRIGADE.NS": 0.07803706331742309,
    "DLF.NS": 0.05387459273352707,
    "GODREJPROP.NS": 0.07882328308089062,
    "OBEROIRLTY.NS": 0.04531938811560574,
    "CASH": 0.050297104244684004
  },
  "sector_tilts": {
    "IT": 0.30000001192092896,
    "Banking": 2.0,
    "FinancialServices": 0.4318547248840332,
    "FMCG": 1.3075389862060547,
    "Automobiles": 2.0,
    "Pharma": 2.0,
    "Energy": 0.30000001192092896,
    "Metals": 0.30000001192092896,
    "Telecom": 0.30000001192092896,
    "Cement": 0.687239944934845,
    "CapitalGoods": 0.30000001192092896,
    "ConsumerDiscretionary": 1.720075249671936,
    "Healthcare": 2.0,
    "RealEstate": 2.0,
    "Chemicals": 0.30000001192092896
  },
  "cash": 0.0,
  "note": "Latest walk-forward portfolio recommendation"
}